filename,width,height,class,xmin,ymin,xmax,ymax
scratches_49.jpg,200,200,scratches,80,32,107,199
scratches_87.jpg,200,200,scratches,150,1,164,193
scratches_29.jpg,200,200,scratches,52,61,80,158
scratches_29.jpg,200,200,scratches,93,119,109,199
scratches_29.jpg,200,200,scratches,94,1,111,70
scratches_27.jpg,200,200,scratches,13,1,59,199
scratches_27.jpg,200,200,scratches,61,92,90,157
scratches_27.jpg,200,200,scratches,103,6,143,144
scratches_27.jpg,200,200,scratches,127,146,144,199
scratches_82.jpg,200,200,scratches,24,3,36,179
scratches_82.jpg,200,200,scratches,90,1,105,167
scratches_82.jpg,200,200,scratches,140,1,151,176
scratches_31.jpg,200,200,scratches,126,1,140,80
scratches_31.jpg,200,200,scratches,123,115,137,199
scratches_15.jpg,200,200,scratches,36,36,67,107
scratches_15.jpg,200,200,scratches,125,28,136,68
scratches_15.jpg,200,200,scratches,119,127,133,198
scratches_15.jpg,200,200,scratches,46,77,63,127
scratches_22.jpg,200,200,scratches,21,1,34,76
scratches_22.jpg,200,200,scratches,19,100,33,197
scratches_22.jpg,200,200,scratches,1,14,23,51
scratches_52.jpg,200,200,scratches,97,1,130,199
scratches_7.jpg,200,200,scratches,17,3,82,198
scratches_7.jpg,200,200,scratches,80,40,93,110
scratches_7.jpg,200,200,scratches,78,129,92,199
scratches_75.jpg,200,200,scratches,34,91,53,192
scratches_75.jpg,200,200,scratches,66,37,79,184
scratches_75.jpg,200,200,scratches,130,8,141,186
scratches_73.jpg,200,200,scratches,165,1,177,185
scratches_12.jpg,200,200,scratches,20,61,35,185
scratches_12.jpg,200,200,scratches,23,1,36,46
scratches_70.jpg,200,200,scratches,126,5,145,191
scratches_70.jpg,200,200,scratches,164,1,176,191
scratches_10.jpg,200,200,scratches,74,1,119,124
scratches_10.jpg,200,200,scratches,139,1,154,196
scratches_10.jpg,200,200,scratches,84,77,111,150
scratches_66.jpg,200,200,scratches,77,1,97,198
scratches_66.jpg,200,200,scratches,103,1,123,198
scratches_66.jpg,200,200,scratches,130,13,145,120
scratches_17.jpg,200,200,scratches,153,87,167,176
scratches_39.jpg,200,200,scratches,12,1,39,199
scratches_77.jpg,200,200,scratches,169,1,184,198
scratches_77.jpg,200,200,scratches,104,40,115,198
scratches_85.jpg,200,200,scratches,103,15,118,197
scratches_85.jpg,200,200,scratches,172,33,180,198
scratches_78.jpg,200,200,scratches,101,10,116,199
scratches_78.jpg,200,200,scratches,151,16,162,199
scratches_78.jpg,200,200,scratches,37,57,47,197
scratches_3.jpg,200,200,scratches,148,165,176,199
scratches_3.jpg,200,200,scratches,167,40,179,121
scratches_76.jpg,200,200,scratches,160,34,173,199
scratches_44.jpg,200,200,scratches,93,8,111,190
scratches_8.jpg,200,200,scratches,158,1,199,147
scratches_8.jpg,200,200,scratches,169,107,189,170
scratches_88.jpg,200,200,scratches,103,1,116,186
scratches_88.jpg,200,200,scratches,172,1,181,193
scratches_68.jpg,200,200,scratches,5,30,27,198
scratches_68.jpg,200,200,scratches,32,44,51,162
scratches_68.jpg,200,200,scratches,108,62,123,195
scratches_9.jpg,200,200,scratches,132,1,180,170
scratches_9.jpg,200,200,scratches,142,121,164,199
scratches_61.jpg,200,200,scratches,1,25,190,57
scratches_23.jpg,200,200,scratches,128,1,141,56
scratches_23.jpg,200,200,scratches,122,90,140,199
scratches_23.jpg,200,200,scratches,38,2,124,198
scratches_28.jpg,200,200,scratches,8,14,24,98
scratches_28.jpg,200,200,scratches,9,144,22,199
scratches_4.jpg,200,200,scratches,157,62,199,199
scratches_48.jpg,200,200,scratches,157,44,181,198
scratches_36.jpg,200,200,scratches,38,10,62,199
scratches_53.jpg,200,200,scratches,144,1,184,198
scratches_64.jpg,200,200,scratches,1,27,197,60
scratches_30.jpg,200,200,scratches,14,1,34,73
scratches_30.jpg,200,200,scratches,61,1,77,26
scratches_30.jpg,200,200,scratches,129,18,143,97
scratches_30.jpg,200,200,scratches,88,91,114,190
scratches_30.jpg,200,200,scratches,130,149,142,198
scratches_32.jpg,200,200,scratches,31,1,44,42
scratches_32.jpg,200,200,scratches,27,68,42,187
scratches_32.jpg,200,200,scratches,177,61,193,180
scratches_18.jpg,200,200,scratches,46,22,58,128
scratches_34.jpg,200,200,scratches,135,37,160,198
scratches_46.jpg,200,200,scratches,1,149,194,169
scratches_24.jpg,200,200,scratches,17,1,56,198
scratches_6.jpg,200,200,scratches,89,17,153,198
scratches_6.jpg,200,200,scratches,151,46,164,137
scratches_6.jpg,200,200,scratches,151,140,161,200
scratches_5.jpg,200,200,scratches,140,40,198,199
scratches_84.jpg,200,200,scratches,142,19,153,196
scratches_47.jpg,200,200,scratches,28,44,52,199
scratches_40.jpg,200,200,scratches,121,1,144,199
scratches_69.jpg,200,200,scratches,148,1,163,198
scratches_81.jpg,200,200,scratches,75,1,89,195
scratches_81.jpg,200,200,scratches,142,1,156,170
scratches_59.jpg,200,200,scratches,1,85,198,119
scratches_14.jpg,200,200,scratches,32,15,47,43
scratches_14.jpg,200,200,scratches,111,58,142,153
scratches_16.jpg,200,200,scratches,31,30,42,66
scratches_16.jpg,200,200,scratches,25,126,41,199
scratches_42.jpg,200,200,scratches,93,1,122,182
scratches_19.jpg,200,200,scratches,163,16,178,175
scratches_21.jpg,200,200,scratches,92,23,109,199
scratches_21.jpg,200,200,scratches,52,144,94,199
scratches_26.jpg,200,200,scratches,19,1,60,133
scratches_26.jpg,200,200,scratches,41,149,59,199
scratches_38.jpg,200,200,scratches,96,1,122,199
scratches_43.jpg,200,200,scratches,79,14,95,188
scratches_54.jpg,200,200,scratches,32,1,76,199
scratches_45.jpg,200,200,scratches,1,78,199,100
scratches_33.jpg,200,200,scratches,107,30,124,150
scratches_55.jpg,200,200,scratches,86,1,126,199
scratches_60.jpg,200,200,scratches,1,165,198,195
scratches_35.jpg,200,200,scratches,104,10,128,199
scratches_13.jpg,200,200,scratches,94,57,110,86
scratches_13.jpg,200,200,scratches,173,110,197,197
scratches_79.jpg,200,200,scratches,51,6,69,200
scratches_79.jpg,200,200,scratches,101,22,115,200
scratches_83.jpg,200,200,scratches,23,1,37,128
scratches_83.jpg,200,200,scratches,74,1,84,141
scratches_50.jpg,200,200,scratches,34,1,67,198
scratches_86.jpg,200,200,scratches,40,12,52,199
scratches_86.jpg,200,200,scratches,104,17,116,198
scratches_86.jpg,200,200,scratches,138,35,147,198
scratches_51.jpg,200,200,scratches,134,1,163,198
scratches_63.jpg,200,200,scratches,1,119,177,152
scratches_58.jpg,200,200,scratches,18,1,50,181
scratches_57.jpg,200,200,scratches,70,1,102,156
scratches_89.jpg,200,200,scratches,65,4,76,175
scratches_89.jpg,200,200,scratches,97,1,108,161
scratches_56.jpg,200,200,scratches,131,1,168,198
scratches_65.jpg,200,200,scratches,2,129,199,157
scratches_67.jpg,200,200,scratches,33,1,52,198
scratches_67.jpg,200,200,scratches,57,23,71,198
scratches_11.jpg,200,200,scratches,5,1,43,147
scratches_11.jpg,200,200,scratches,64,13,81,199
scratches_37.jpg,200,200,scratches,156,1,183,200
scratches_71.jpg,200,200,scratches,84,4,98,199
scratches_20.jpg,200,200,scratches,28,76,45,200
scratches_72.jpg,200,200,scratches,18,4,32,197
scratches_25.jpg,200,200,scratches,35,1,97,198
scratches_25.jpg,200,200,scratches,112,5,151,198
scratches_80.jpg,200,200,scratches,139,1,152,199
scratches_2.jpg,200,200,scratches,92,24,106,176
scratches_62.jpg,200,200,scratches,21,25,199,54
scratches_74.jpg,200,200,scratches,143,123,160,196
scratches_74.jpg,200,200,scratches,174,65,188,196
scratches_41.jpg,200,200,scratches,28,1,55,199
scratches_1.jpg,200,200,scratches,26,12,43,171
scratches_1.jpg,200,200,scratches,8,184,17,196
